<?xml version="1.0" encoding="UTF-8"?>
<beans xmlns="http://www.springframework.org/schema/beans"
       xmlns:xsi="http://www.w3.org/2001/XMLSchema-instance"
       xsi:schemaLocation="http://www.springframework.org/schema/beans http://www.springframework.org/schema/beans/spring-beans.xsd">

    <!-- MemberDTO 타입의 bean 등록 -->
    <bean id="member" class="com.ohgiraffers.common.MemberDTO">
        <constructor-arg index="0" value="1"/>
        <constructor-arg name="id" value="user01"/>
        <constructor-arg index="2"><value>pass01</value></constructor-arg>
        <constructor-arg name="name"><value>홍길동</value></constructor-arg>
    </bean>

</beans>